code,system
9S1..00,readv2
9S10.00,readv2
9i0..00,readv2
9i00.00,readv2
9iA8.00,readv2
9S11.00,readv2
9SA9.00,readv2
9i1..00,readv2
9i10.00,readv2
9i24.00,readv2
9i2Q.00,readv2
9S12.00,readv2
9S14.00,readv2
9SH..00,readv2
9S13.00,readv2
9i21.00,readv2
9i25.00,readv2
9S2..00,readv2
9S42.11,readv2
9S45.12,readv2
9SA3.11,readv2
9SB5.00,readv2
9i3..00,readv2
9iA7.00,readv2
9iB..00,readv2
9S42.00,readv2
9S42.13,readv2
9SA3.00,readv2
9SA3.13,readv2
9S42.12,readv2
9S6..00,readv2
9SA3.12,readv2
9i7..00,readv2
9S45.00,readv2
9S45.11,readv2
9SA6.00,readv2
9SA6.11,readv2
9SB6.00,readv2
9i4..00,readv2
9iA3.00,readv2
9S46.00,readv2
9SA7.00,readv2
9S47.00,readv2
9S52.00,readv2
9SA8.00,readv2
9SB2.00,readv2
9i5..00,readv2
9i60.00,readv2
9S51.00,readv2
9SB1.00,readv2
9i62.00,readv2
9S7..00,readv2
9i8..00,readv2
9S8..00,readv2
9i9..00,readv2
9SAA.00,readv2
9SAA.11,readv2
9SAA.12,readv2
9i27.00,readv2
9i28.00,readv2
9SAB.00,readv2
9SAB.11,readv2
9SAB.12,readv2
9i29.00,readv2
9i2A.00,readv2
9SAC.00,readv2
9SB..00,readv2
9SB3.00,readv2
9SB4.00,readv2
9i2S.00,readv2
9iA9.00,readv2
9SI..00,readv2
9i2C.00,readv2
9i2D.00,readv2
9T1..00,readv2
9T1Y.00,readv2
9T1Z.00,readv2
9i2..00,readv2
9i6..00,readv2
9iA..00,readv2
9i20.00,readv2
9i22.00,readv2
9i23.00,readv2
9i2B.00,readv2
9i2E.00,readv2
9i2F.00,readv2
9i2G.00,readv2
9i2H.00,readv2
9i2J.00,readv2
9i2K.00,readv2
9i2L.00,readv2
9i2M.00,readv2
9i2N.00,readv2
9iA1.00,readv2
9iA2.00,readv2
9i26.00,readv2
9i2P.00,readv2
9i2R.00,readv2
9i2T.00,readv2
9i65.00,readv2
9iAA.00,readv2
9i61.00,readv2
9i63.00,readv2
9i64.00,readv2